Date,URL,回数,タイトル,録音の有無,スピーカー
2022-10-17,https://x.com/i/spaces/1MYxNgaRWDvKw,,,なし,
2022-10-27,https://x.com/i/spaces/1ypKddWRgXVKW,,,なし,
2022-11-03,https://x.com/i/spaces/1lDGLnbraOmxm,,,なし,
2022-11-10,https://x.com/i/spaces/1BdxYyLkdlExX,,,なし,
2022-11-17,https://x.com/i/spaces/1YpJkgalkkMJj,,,なし,
2022-12-01,https://x.com/i/spaces/1YpKkgDPvwBKj,,,なし,
2022-12-08,https://x.com/i/spaces/1yoKMZmAnalGQ,,,なし,
2022-12-15,https://x.com/i/spaces/1LyxBqkDAMLJN,,,なし,
2022-12-22,https://x.com/i/spaces/1nAKErnEpRvGL,,,なし,
2023-03-02,https://x.com/i/spaces/1ZkKzXyBNjDJv,,,なし,
2023-03-09,https://x.com/i/spaces/1vAGRAbrjXNKl,,,なし,
2023-03-23,https://x.com/i/spaces/1PlJQpQWLQdGE,,,なし,
2023-06-01,https://x.com/i/spaces/1YpKkgQygvAKj,,,なし,
2023-06-08,https://x.com/i/spaces/1lPKqBVkpOQGb,,,なし,
2023-06-22,https://x.com/i/spaces/1vAxRArropvJl,,,なし,
2023-06-29,https://x.com/i/spaces/1OdKrzBEkvnKX,,,なし,
2023-08-31,https://x.com/i/spaces/1yNxaNLZNrvKj,36,#Vizトーク 第36回,あり,"ホスト: Yusuke Nakanishi(@YusukeNakanish3); スピーカー: Yuta Sakai(さかぴー)(@unbosoms), Satoshi Ganeko(@ritz_Tableau), Chiaki(@ishiaki_tab), Takafumi Shukuya(@O_Syringa_Z), T.tanimoto(@HkJHF3vTWcrqtIg)"
2023-09-07,https://x.com/i/spaces/1yoKMZPDbnDGQ,,#Vizトーク 第37回,あり,"ホスト: Yusuke Nakanishi(@YusukeNakanish3); スピーカー: Yuta Sakai(さかぴー)(@unbosoms)"
2023-09-14,https://x.com/i/spaces/1lPJqBvOjXwxb,,#Vizトーク 第38回,あり,"ホスト: Yusuke Nakanishi(@YusukeNakanish3); スピーカー: Yuta Sakai(さかぴー)(@unbosoms)"
2023-09-21,https://x.com/i/spaces/1YqKDgPjyQYxV,,#Vizトーク 第39回,あり,"ホスト: Yusuke Nakanishi(@YusukeNakanish3); スピーカー: Yuta Sakai(さかぴー)(@unbosoms), Takafumi Shukuya(@O_Syringa_Z)"
2023-09-28,https://x.com/i/spaces/1mnxepyAPdPJX,,#Vizトーク 第40回,あり,"ホスト: Yusuke Nakanishi(@YusukeNakanish3); スピーカー: Yuta Sakai(さかぴー)(@unbosoms)"
2023-10-19,https://x.com/i/spaces/1jMKgmbypvAJL,,#Vizトーク 第41回,あり,"ホスト: Yusuke Nakanishi(@YusukeNakanish3); スピーカー: Shunta/だんでー(@Dandee_House)"
2023-10-26,https://x.com/i/spaces/1zqJVqyPBlDGB,,#Vizトーク 第42回,あり,"ホスト: Yusuke Nakanishi(@YusukeNakanish3); スピーカー: Shunta/だんでー(@Dandee_House)"
2023-11-02,https://x.com/i/spaces/1YpKkwRnOkjKj,,#Vizトーク 第43回,あり,"ホスト: Yusuke Nakanishi(@YusukeNakanish3); スピーカー: Shunta/だんでー(@Dandee_House), Takafumi Shukuya(@O_Syringa_Z), Norito.Nakamura(のりぴー)(@tab_no5)"
2023-11-16,https://x.com/i/spaces/1mrGmyXYEYMGy,,#Vizトーク 第44回,あり,"ホスト: Yusuke Nakanishi(@YusukeNakanish3); スピーカー: Yuta Sakai(さかぴー)(@unbosoms), Takafumi Shukuya(@O_Syringa_Z), T.tanimoto(@HkJHF3vTWcrqtIg)"
2023-11-23,https://x.com/i/spaces/1jMJgmzMMneKL,,#Vizトーク 第45回,あり,"ホスト: Yusuke Nakanishi(@YusukeNakanish3); スピーカー: Yuta Sakai(さかぴー)(@unbosoms), Shunta/だんでー(@Dandee_House), Takafumi Shukuya(@O_Syringa_Z)"
2023-12-07,https://x.com/i/spaces/1lPKqbPAzyeGb,,#Vizトーク 第46回,あり,"ホスト: Yusuke Nakanishi(@YusukeNakanish3); スピーカー: Shunta/だんでー(@Dandee_House), Takafumi Shukuya(@O_Syringa_Z)"
2023-12-21,https://x.com/i/spaces/1BRJjPaEeMVKw,,#Vizトーク 第47回,あり,"ホスト: Yusuke Nakanishi(@YusukeNakanish3); スピーカー: Yuta Sakai(さかぴー)(@unbosoms), Shunta/だんでー(@Dandee_House)"
2024-01-04,https://x.com/i/spaces/1yoJMwOkjgNKQ,,#Vizトーク 第48回,あり,"ホスト: Yusuke Nakanishi(@YusukeNakanish3); スピーカー: Takafumi Shukuya(@O_Syringa_Z)"
2024-01-11,https://x.com/i/spaces/1ynJOymbBmWKR,,#Vizトーク 第49回,あり,"ホスト: Yusuke Nakanishi(@YusukeNakanish3); スピーカー: Yuta Sakai(さかぴー)(@unbosoms), Takafumi Shukuya(@O_Syringa_Z)"
2024-01-18,https://x.com/i/spaces/1ypKdkjQLmnxW,,#Vizトーク 第50回,あり,"ホスト: Yusuke Nakanishi(@YusukeNakanish3); スピーカー: Takafumi Shukuya(@O_Syringa_Z)"
2024-01-25,https://x.com/i/spaces/1yNGaZwRpnDJj,51,#Vizトーク 第51回,あり,"ホスト: Yusuke Nakanishi(@YusukeNakanish3); スピーカー: Shunta/だんでー(@Dandee_House)"
2024-02-01,https://x.com/i/spaces/1lDxLPqlApoxm,,#Vizトーク 第52回,あり,"ホスト: Yusuke Nakanishi(@YusukeNakanish3); 共同ホスト: Yuta Sakai(さかぴー)(@unbosoms); スピーカー: Hideaki Yamamoto/Chasoso(@_Chasoso), おつう|Tsubasa Kitahara(@tsu_chaan), Shunta/だんでー(@Dandee_House), Takafumi Shukuya(@O_Syringa_Z)"
2024-02-15,https://x.com/i/spaces/1nAJEabPOVgJL,,#Vizトーク 第53回,あり,"ホスト: Yusuke Nakanishi(@YusukeNakanish3); 共同ホスト: Yuta Sakai(さかぴー)(@unbosoms); スピーカー: Shunta/だんでー(@Dandee_House), Takafumi Shukuya(@O_Syringa_Z)"
2024-02-22,https://x.com/i/spaces/1gqGvQBVwyWKB,,#Vizトーク 第54回,あり,"ホスト: Yusuke Nakanishi(@YusukeNakanish3); スピーカー: Yuta Sakai(さかぴー)(@unbosoms), カメさん Hiroyoshi Kamegaki(@ksnjr24), Takafumi Shukuya(@O_Syringa_Z)"
2024-02-29,https://x.com/i/spaces/1MnxnMnywgoJO,,#Vizトーク 第55回,あり,"ホスト: Yusuke Nakanishi(@YusukeNakanish3); 共同ホスト: Yuta Sakai(さかぴー)(@unbosoms); スピーカー: KT@Canva Japan(@DATA_Saber), Norito.Nakamura(のりぴー)(@tab_no5)"
2024-03-07,https://x.com/i/spaces/1RDGlloOqEgGL,,#Vizトーク 第56回,あり,"ホスト: Yusuke Nakanishi(@YusukeNakanish3); 共同ホスト: Yuta Sakai(さかぴー)(@unbosoms)"
2024-03-14,https://x.com/i/spaces/1LyGBnwlMejGN,,#Vizトーク 第57回,あり,"ホスト: Yusuke Nakanishi(@YusukeNakanish3); スピーカー: Yuta Sakai(さかぴー)(@unbosoms)"
2024-03-21,https://x.com/i/spaces/1BdGYrPXdkLJX,,#Vizトーク 第58回,あり,"ホスト: Yusuke Nakanishi(@YusukeNakanish3); スピーカー: Takafumi Shukuya(@O_Syringa_Z)"
2024-04-04,https://x.com/i/spaces/1MnxnMmLBowJO,,#Vizトーク 第59回,あり,"ホスト: Yusuke Nakanishi(@YusukeNakanish3); スピーカー: Yuta Sakai(さかぴー)(@unbosoms), Satoshi Ganeko(@ritz_Tableau), Shunta/だんでー(@Dandee_House), Takafumi Shukuya(@O_Syringa_Z)"
2024-04-11,https://x.com/i/spaces/1vAxRvMbreRxl,,#Vizトーク 第60回,あり,"ホスト: Yusuke Nakanishi(@YusukeNakanish3); 共同ホスト: Takafumi Shukuya(@O_Syringa_Z); スピーカー: Yuta Sakai(さかぴー)(@unbosoms), Shunta/だんでー(@Dandee_House)"
2024-05-09,https://x.com/i/spaces/1yoKMwEPnojJQ,,#Vizトーク 第61回,あり,"ホスト: Yusuke Nakanishi(@YusukeNakanish3); スピーカー: Yuta Sakai(さかぴー)(@unbosoms), Shunta/だんでー(@Dandee_House)"
2024-05-16,https://x.com/i/spaces/1gqGvQELBqRKB,,#Vizトーク 第62回,あり,"ホスト: Yusuke Nakanishi(@YusukeNakanish3); スピーカー: Yuta Sakai(さかぴー)(@unbosoms), Shunta/だんでー(@Dandee_House), Takafumi Shukuya(@O_Syringa_Z)"
2024-05-23,https://x.com/i/spaces/1nAKEaAjQMXKL,,#Vizトーク 第63回,あり,"ホスト: Yusuke Nakanishi(@YusukeNakanish3); スピーカー: Shunta/だんでー(@Dandee_House)"
2024-05-30,https://x.com/i/spaces/1YpJkwzoPlEJj,,#Vizトーク 第64回,あり,"ホスト: Yusuke Nakanishi(@YusukeNakanish3); 共同ホスト: Yoshitaka Arakawa(@yoshi_datavizjp); スピーカー: Yuta Sakai(さかぴー)(@unbosoms), Shunta/だんでー(@Dandee_House)"
2024-06-13,https://x.com/i/spaces/1kvJpvmRaPdKE,,#Vizトーク 第65回,あり,"ホスト: Yusuke Nakanishi(@YusukeNakanish3); 共同ホスト: Takafumi Shukuya(@O_Syringa_Z)"
2024-06-20,https://x.com/i/spaces/1LyGBnnqEEEGN,,#Vizトーク 第66回,あり,"ホスト: Yusuke Nakanishi(@YusukeNakanish3); スピーカー: Shunta/だんでー(@Dandee_House), Takafumi Shukuya(@O_Syringa_Z)"
2024-06-27,https://x.com/i/spaces/1BdGYrqlwBQJX,,#Vizトーク 第67回,あり,"ホスト: Yusuke Nakanishi(@YusukeNakanish3); スピーカー: Shunta/だんでー(@Dandee_House)"
2024-07-04,https://x.com/i/spaces/1yoKMwPgAOnJQ,,#Vizトーク 第68回,あり,"ホスト: Yusuke Nakanishi(@YusukeNakanish3); スピーカー: Yuta Sakai(さかぴー)(@unbosoms), Takafumi Shukuya(@O_Syringa_Z)"
2024-07-11,https://x.com/i/spaces/1YpKklyoZDmGj,,#Vizトーク 第69回,なし,
2024-07-18,https://x.com/i/spaces/1BRJjwpAmvexw,,#Vizトーク 第70回,あり,"ホスト: Yusuke Nakanishi(@YusukeNakanish3); スピーカー: Yuta Sakai(さかぴー)(@unbosoms), Yoshitaka Arakawa(@yoshi_datavizjp)"
2024-07-25,https://x.com/i/spaces/1lPJqONyWBwKb,,#Vizトーク 第71回,あり,"ホスト: Yusuke Nakanishi(@YusukeNakanish3); スピーカー: Yuta Sakai(さかぴー)(@unbosoms), Shunta/だんでー(@Dandee_House)"
2024-08-01,https://x.com/i/spaces/1vAGROoMDNRJl,,#Vizトーク 第72回,なし,
2024-08-15,https://x.com/i/spaces/1dRKZdoZERMJB,,#Vizトーク 第73回,あり,"ホスト: Yusuke Nakanishi(@YusukeNakanish3); スピーカー: Yuta Sakai(さかぴー)(@unbosoms), Satoshi Ganeko(@ritz_Tableau), Takafumi Shukuya(@O_Syringa_Z)"
2024-08-29,https://x.com/i/spaces/1kvJpbwyONgKE,,#Vizトーク 第74回,あり,"ホスト: Yusuke Nakanishi(@YusukeNakanish3); 共同ホスト: Yoshitaka Arakawa(@yoshi_datavizjp)"
2024-09-05,https://x.com/i/spaces/1vOxwrDbMqRJB,,#Vizトーク 第75回,あり,"ホスト: Yusuke Nakanishi(@YusukeNakanish3); 共同ホスト: Shunta/だんでー(@Dandee_House)"
2024-09-12,https://x.com/i/spaces/1jMJgBlVmDyGL,,#Vizトーク 第76回,あり,"ホスト: Yusuke Nakanishi(@YusukeNakanish3); スピーカー: Chiaki(@ishiaki_tab)"
2024-09-26,https://x.com/i/spaces/1OwxWNvydqAJQ,,#Vizトーク 第76回,あり,"ホスト: Yusuke Nakanishi(@YusukeNakanish3); 共同ホスト: Takafumi Shukuya(@O_Syringa_Z)"
2024-10-03,https://x.com/i/spaces/1OdKrXYwORpJX,,#Vizトーク 第77回,あり,"ホスト: Yusuke Nakanishi(@YusukeNakanish3); スピーカー: Shunta/だんでー(@Dandee_House)"
2024-10-10,https://x.com/i/spaces/1BRJjwAApbNxw,,#Vizトーク 第78回,あり,"ホスト: Yusuke Nakanishi(@YusukeNakanish3); スピーカー: Yuta Sakai(さかぴー)(@unbosoms), Hideaki Yamamoto/Chasoso(@_Chasoso)"
2024-10-17,https://x.com/i/spaces/1BdGYEgMEMyGX,,#Vizトーク 第79回,あり,"ホスト: Yusuke Nakanishi(@YusukeNakanish3); スピーカー: Yuta Sakai(さかぴー)(@unbosoms)"
2024-10-24,https://x.com/i/spaces/1MnGnDLQyPwxO,,#Vizトーク 第80回,あり,"ホスト: Yusuke Nakanishi(@YusukeNakanish3); スピーカー: Shunta/だんでー(@Dandee_House)"
2024-10-31,https://x.com/i/spaces/1MYGNMAoEPXKw,,#Vizトーク 第81回,あり,"ホスト: Yusuke Nakanishi(@YusukeNakanish3); スピーカー: Yuta Sakai(さかぴー)(@unbosoms), Shunta/だんでー(@Dandee_House), Takafumi Shukuya(@O_Syringa_Z)"
2024-11-07,https://x.com/i/spaces/1RDxlynVdorKL,,#Vizトーク 第82回,あり,"ホスト: Yusuke Nakanishi(@YusukeNakanish3); 共同ホスト: Yuta Sakai(さかぴー)(@unbosoms); スピーカー: Takafumi Shukuya(@O_Syringa_Z)"
2024-11-21,https://x.com/i/spaces/1PlJQbrelAyxE,,#Vizトーク 第83回,あり,"ホスト: Yusuke Nakanishi(@YusukeNakanish3); スピーカー: Shunta/だんでー(@Dandee_House)"
2024-11-28,https://x.com/i/spaces/1MnGnDNmgOBxO,,#Vizトーク 第84回,あり,"ホスト: Yusuke Nakanishi(@YusukeNakanish3); スピーカー: Yoshitaka Arakawa(@yoshi_datavizjp)"
2024-12-12,https://x.com/i/spaces/1MnxnDEpNnXGO,,#Vizトーク 第85回,あり,"ホスト: Yusuke Nakanishi(@YusukeNakanish3); スピーカー: Chiaki(@ishiaki_tab), Takafumi Shukuya(@O_Syringa_Z)"
2024-12-19,https://x.com/i/spaces/1lPJqOLrjjdKb,,#Vizトーク 第86回,あり,"ホスト: Yusuke Nakanishi(@YusukeNakanish3); スピーカー: Yuta Sakai(さかぴー)(@unbosoms)"
2024-12-26,https://x.com/i/spaces/1PlJQbPnnyqxE,,#Vizトーク 第87回,あり,"ホスト: Yusuke Nakanishi(@YusukeNakanish3); スピーカー: Shunta/だんでー(@Dandee_House), Takafumi Shukuya(@O_Syringa_Z)"
2025-01-16,https://x.com/i/spaces/1zqKVYqLwqZxB,,#Vizトーク 第88回,あり,"ホスト: Yusuke Nakanishi(@YusukeNakanish3); スピーカー: Yuta Sakai(さかぴー)(@unbosoms), Shunta/だんでー(@Dandee_House)"
2025-01-23,https://x.com/i/spaces/1rmxPoogVPXJN,,#Vizトーク 第89回,あり,"ホスト: Yusuke Nakanishi(@YusukeNakanish3); スピーカー: Yuta Sakai(さかぴー)(@unbosoms), Akane Okamoto(@pyonpyon_tab)"
2025-01-30,https://x.com/i/spaces/1YpKklBBRwrGj,,#Vizトーク 第90回,あり,"ホスト: Yusuke Nakanishi(@YusukeNakanish3); 共同ホスト: Takafumi Shukuya(@O_Syringa_Z); スピーカー: Yuta Sakai(さかぴー)(@unbosoms)"
2025-02-13,https://x.com/i/spaces/1lDxLzdNjeLGm,,#Vizトーク 第91回,あり,"ホスト: Yusuke Nakanishi(@YusukeNakanish3); スピーカー: Yuta Sakai(さかぴー)(@unbosoms), Shunta/だんでー(@Dandee_House)"
2025-02-20,https://x.com/i/spaces/1yNxaLopezDJj,,#Vizトーク 第92回,あり,"ホスト: Yusuke Nakanishi(@YusukeNakanish3); スピーカー: Mika Fukuda(@MikaFu9da), Shunta/だんでー(@Dandee_House)"
2025-02-27,https://x.com/i/spaces/1vAGRDoDEBzxl,,#Vizトーク 第93回,あり,"ホスト: Yusuke Nakanishi(@YusukeNakanish3); スピーカー: Shunta/だんでー(@Dandee_House)"
2025-03-06,https://x.com/i/spaces/1YpJkBbPwBjGj,,#Vizトーク 第94回,あり,"ホスト: Yusuke Nakanishi(@YusukeNakanish3); スピーカー: Shunta/だんでー(@Dandee_House)"
2025-03-13,https://x.com/i/spaces/1OdKrDdYdlXJX,,#Vizトーク 第95回,あり,"ホスト: Yusuke Nakanishi(@YusukeNakanish3); スピーカー: komatsu1(@antipop1)"
2025-03-20,https://x.com/i/spaces/1DXxyqnOZmyxM,,#Vizトーク 第96回,あり,"ホスト: Yusuke Nakanishi(@YusukeNakanish3); スピーカー: Yuta Sakai(さかぴー)(@unbosoms), Shunta/だんでー(@Dandee_House), Takafumi Shukuya(@O_Syringa_Z)"
2025-03-27,https://x.com/i/spaces/1MnGnwOdqrOJO,,#Vizトーク 第97回,あり,"ホスト: Yusuke Nakanishi(@YusukeNakanish3); スピーカー: Takafumi Shukuya(@O_Syringa_Z)"
2025-04-03,https://x.com/i/spaces/1DXxyqbWAqexM,,#Vizトーク 第98回,あり,"ホスト: Yusuke Nakanishi(@YusukeNakanish3); スピーカー: Satoshi Ganeko(@ritz_Tableau), Shunta/だんでー(@Dandee_House)"
2025-04-10,https://x.com/i/spaces/1RDxlzwpewgGL,,#Vizトーク 第99回,あり,"ホスト: Yusuke Nakanishi(@YusukeNakanish3); スピーカー: Shunta/だんでー(@Dandee_House), Takafumi Shukuya(@O_Syringa_Z)"
2025-04-18,https://x.com/i/spaces/1kvKpypEyNDGE,,#Vizトーク 第100回,あり,"ホスト: Yusuke Nakanishi(@YusukeNakanish3); スピーカー: Satoshi Ganeko(@ritz_Tableau), Chiaki(@ishiaki_tab), Shunta/だんでー(@Dandee_House)"
2025-04-24,https://x.com/i/spaces/1OyJALvQXaoGb,,#Vizトーク 第101回,あり,"ホスト: Yusuke Nakanishi(@YusukeNakanish3); スピーカー: Yuta Sakai(さかぴー)(@unbosoms), Takafumi Shukuya(@O_Syringa_Z)"
2025-05-01,https://x.com/i/spaces/1BRJjmVzbWgGw,,#Vizトーク 第102回,あり,"ホスト: Yusuke Nakanishi(@YusukeNakanish3); スピーカー: Yuta Sakai(さかぴー)(@unbosoms), Shunta/だんでー(@Dandee_House), Takafumi Shukuya(@O_Syringa_Z)"
2025-05-08,https://x.com/i/spaces/1gqxvjqDbRpxB,,#Vizトーク 第103回,あり,"ホスト: Yusuke Nakanishi(@YusukeNakanish3); スピーカー: Yuta Sakai(さかぴー)(@unbosoms), Shunta/だんでー(@Dandee_House)"
2025-05-22,https://x.com/i/spaces/1BRKjmyPQPoxw,,#Vizトーク 第104回,あり,"ホスト: Yusuke Nakanishi(@YusukeNakanish3); スピーカー: Shunta/だんでー(@Dandee_House)"
2025-05-29,https://x.com/i/spaces/1dRKZYeBQMdxB,,#Vizトーク 第105回,あり,"ホスト: Yusuke Nakanishi(@YusukeNakanish3); スピーカー: Yoshitaka Arakawa(@yoshi_datavizjp)"
2025-06-05,https://x.com/i/spaces/1OwxWXWvMqjKQ,,#Vizトーク 第106回,あり,"ホスト: Yusuke Nakanishi(@YusukeNakanish3); スピーカー: Takafumi Shukuya(@O_Syringa_Z)"
2025-06-12,https://x.com/i/spaces/1yoJMojaZQnKQ,,#Vizトーク 第107回,あり,"ホスト: Yusuke Nakanishi(@YusukeNakanish3); スピーカー: Takafumi Shukuya(@O_Syringa_Z)"
2025-06-26,https://x.com/i/spaces/1rmxPyAbDyjKN,,#Vizトーク 第108回,あり,"ホスト: Yusuke Nakanishi(@YusukeNakanish3); スピーカー: Yuta Sakai(さかぴー)(@unbosoms)"
2025-07-10,https://x.com/i/spaces/1LyxBWdWQlPKN,,#Vizトーク 第109回,あり,"ホスト: Yusuke Nakanishi(@YusukeNakanish3); スピーカー: Yoshitaka Arakawa(@yoshi_datavizjp)"
2025-07-17,https://x.com/i/spaces/1lDGLznOaDbxm,,#Vizトーク 第110回,あり,"ホスト: Yusuke Nakanishi(@YusukeNakanish3); スピーカー: Yoshitaka Arakawa(@yoshi_datavizjp)"
2025-07-24,https://x.com/i/spaces/1lDGLzPaLMvxm,,#Vizトーク 第111回,あり,"ホスト: Yusuke Nakanishi(@YusukeNakanish3); スピーカー: Shunta/だんでー(@Dandee_House)"
2025-08-14,https://x.com/i/spaces/1dRJZajXkNAGB,,#Vizトーク 第112回,あり,"ホスト: Yusuke Nakanishi(@YusukeNakanish3); スピーカー: Shunta/だんでー(@Dandee_House)"
2025-08-21,https://x.com/i/spaces/1vOGwdbaZvqJB,,#Vizトーク 第113回,あり,"ホスト: Yusuke Nakanishi(@YusukeNakanish3); スピーカー: Yoshitaka Arakawa(@yoshi_datavizjp)"
2025-09-04,https://x.com/i/spaces/1djGXWjyYlLKZ,,#Vizトーク 第114回,あり,"ホスト: Yusuke Nakanishi(@YusukeNakanish3); スピーカー: Shunta/だんでー(@Dandee_House)"
2025-09-18,https://x.com/i/spaces/1mnxeNDaXoaKX,,#Vizトーク 第115回,あり,"ホスト: Yusuke Nakanishi(@YusukeNakanish3); スピーカー: Yoshitaka Arakawa(@yoshi_datavizjp)"
2025-10-02,https://x.com/i/spaces/1BdxYZDXaMMKX,,#Vizトーク 第116回,あり,"ホスト: Yusuke Nakanishi(@YusukeNakanish3); スピーカー: Chiaki(@ishiaki_tab), Yoshitaka Arakawa(@yoshi_datavizjp), Yuta Sakai(さかぴー)(@unbosoms)"
2025-10-09,https://x.com/i/spaces/1YqGolOgwPgJv,,#Vizトーク 第117回,あり,"ホスト: Yusuke Nakanishi(@YusukeNakanish3); スピーカー: Takafumi Shukuya(@O_Syringa_Z)"
2025-10-23,https://x.com/i/spaces/1DXxyWLnVLNGM,,#Vizトーク 第118回,あり,"ホスト: Yusuke Nakanishi(@YusukeNakanish3); スピーカー: Yuta Sakai(さかぴー)(@unbosoms)"
2025-10-30,https://x.com/i/spaces/1YpKkkAneodKj,,#Vizトーク 第119回,あり,"ホスト: Yusuke Nakanishi(@YusukeNakanish3); スピーカー: Takafumi Shukuya(@O_Syringa_Z)"
2025-11-06,https://x.com/i/spaces/1OdKrOeWjrpGX,,#Vizトーク 第120回,あり,"ホスト: Yusuke Nakanishi(@YusukeNakanish3); スピーカー: Hideaki Yamamoto/Chasoso(@_Chasoso)"
2025-11-13,https://x.com/i/spaces/1DXxyWyggBeGM,,#Vizトーク 第121回,あり,"ホスト: Yusuke Nakanishi(@YusukeNakanish3); スピーカー: Yoshitaka Arakawa(@yoshi_datavizjp), komatsu1(@antipop1)"
2025-11-27,https://x.com/i/spaces/1BdGYZMAWRgJX,,#Vizトーク 第122回,あり,"ホスト: Yusuke Nakanishi(@YusukeNakanish3); スピーカー: Chiaki(@ishiaki_tab), Yoshitaka Arakawa(@yoshi_datavizjp), komatsu1(@antipop1)"
2025-12-04,https://x.com/i/spaces/1OdKrOZzREYGX,,#Vizトーク 第123回,あり,"ホスト: Yusuke Nakanishi(@YusukeNakanish3); スピーカー: Yuta Sakai(さかぴー)(@unbosoms), Hideaki Yamamoto/Chasoso(@_Chasoso)"
2025-12-18,https://x.com/i/spaces/1vOGwdqQygEJB,,#Vizトーク 第124回,あり,"ホスト: Yusuke Nakanishi(@YusukeNakanish3); スピーカー: Hideaki Yamamoto/Chasoso(@_Chasoso)"
2025-12-25,https://x.com/i/spaces/1BdGYZeNLNyJX,,#Vizトーク 第125回,あり,"ホスト: Yusuke Nakanishi(@YusukeNakanish3); スピーカー: Hideaki Yamamoto/Chasoso(@_Chasoso)"
2026-01-08,https://x.com/i/spaces/1lDGLByXOVkxm,,#Vizトーク 第126回,あり,"ホスト: Yusuke Nakanishi(@YusukeNakanish3); スピーカー: Hideaki Yamamoto/Chasoso(@_Chasoso)"
2026-01-22,https://x.com/i/spaces/1zqJVdBBjLAKB,,#Vizトーク 第127回,あり,"ホスト: Yusuke Nakanishi(@YusukeNakanish3); スピーカー: Yoshitaka Arakawa(@yoshi_datavizjp)"
2026-01-29,https://x.com/i/spaces/1OwxWeYpQrMGQ,,#Vizトーク 第128回,あり,"ホスト: Yusuke Nakanishi(@YusukeNakanish3); スピーカー: Hideaki Yamamoto/Chasoso(@_Chasoso)"
2026-02-05,https://x.com/i/spaces/1lPKqvOnrpAGb,,#Vizトーク 第129回,あり,"ホスト: Yusuke Nakanishi(@YusukeNakanish3); スピーカー: Hideaki Yamamoto/Chasoso(@_Chasoso), Yoshitaka Arakawa(@yoshi_datavizjp)"
2026-02-19,https://x.com/i/spaces/1RKjpzzamzZJw,,#Vizトーク 第130回,あり,"ホスト: Yusuke Nakanishi(@YusukeNakanish3); スピーカー: Hideaki Yamamoto/Chasoso(@_Chasoso)"
2026-03-05,https://x.com/i/spaces/1wGWjalVVjRKQ,,#Vizトーク 第131回,あり,"ホスト: Yusuke Nakanishi(@YusukeNakanish3); スピーカー: Hideaki Yamamoto/Chasoso(@_Chasoso)"
2026-03-12,https://x.com/i/spaces/1pKkOyrdaeNKj,,#Vizトーク 第132回,あり,"ホスト: Yusuke Nakanishi(@YusukeNakanish3); スピーカー: Hideaki Yamamoto/Chasoso(@_Chasoso)"
2026-03-19,https://x.com/i/spaces/1PJqrEgmglWxb,,#Vizトーク 第133回,あり,"ホスト: Yusuke Nakanishi(@YusukeNakanish3); スピーカー: Hideaki Yamamoto/Chasoso(@_Chasoso), Chiaki(@ishiaki_tab)"
2026-03-26,https://x.com/i/spaces/1DGLdvEOVZzGm,,#Vizトーク 第134回,あり,"ホスト: Yusuke Nakanishi(@YusukeNakanish3); スピーカー: Hideaki Yamamoto/Chasoso(@_Chasoso)"
2026-04-02,https://x.com/i/spaces/1aKbdbyAZmQJX,,#Vizトーク 第135回,あり,"ホスト: Yusuke Nakanishi(@YusukeNakanish3); スピーカー: Yoshitaka Arakawa(@yoshi_datavizjp)"
2026-04-09,https://x.com/i/spaces/1aKbdbwMzYkJX,,#Vizトーク 第136回,あり,"ホスト: Yusuke Nakanishi(@YusukeNakanish3); スピーカー: Hideaki Yamamoto/Chasoso(@_Chasoso)"
2026-04-16,https://x.com/i/spaces/1oKMvRLpRqRGQ,,#Vizトーク 第137回,あり,"ホスト: Yusuke Nakanishi(@YusukeNakanish3); スピーカー: komatsu1(@antipop1)"
2026-04-23,https://x.com/i/spaces/1DxleELDkZEKL,,#Vizトーク 第139回,あり,"ホスト: Yusuke Nakanishi(@YusukeNakanish3); スピーカー: Hideaki Yamamoto/Chasoso(@_Chasoso)"
2026-05-14,https://x.com/i/spaces/1pKkOyzzvRwKj,,#Vizトーク 第140回,あり,"ホスト: Yusuke Nakanishi(@YusukeNakanish3); スピーカー: Yoshitaka Arakawa(@yoshi_datavizjp)"
2026-05-28,https://x.com/i/spaces/1rGmqqVQLBWGy,,#Vizトーク 第141回,あり,"ホスト: Yusuke Nakanishi(@YusukeNakanish3); スピーカー: komatsu1(@antipop1)"
2026-06-18,https://x.com/i/spaces/1PKqrryXqRQGb,,#Vizトーク 第142回,あり,"ホスト: Yusuke Nakanishi(@YusukeNakanish3); スピーカー: Hideaki Yamamoto/Chasoso(@_Chasoso)"
2026-06-25,https://x.com/i/spaces/1mGPaaNpZeQJN,,#Vizトーク 第143回,あり,"ホスト: Yusuke Nakanishi(@YusukeNakanish3); スピーカー: Hideaki Yamamoto/Chasoso(@_Chasoso), Yoshitaka Arakawa(@yoshi_datavizjp)"
2026-07-23,https://x.com/i/spaces/1mxPaagNkrXKN,,#Vizトーク 第143回,あり,"ホスト: Yusuke Nakanishi(@YusukeNakanish3); スピーカー: Hideaki Yamamoto/Chasoso(@_Chasoso)"
2026-08-06,https://x.com/i/spaces/1RJZzzaznMgJB,144,#Vizトーク 第144回,あり,"ホスト: Yusuke Nakanishi(@YusukeNakanish3); スピーカー: Yoshitaka Arakawa(@yoshi_datavizjp)"
