Date,URL,回数
2022-10-17,https://x.com/i/spaces/1MYxNgaRWDvKw,
2022-10-27,https://x.com/i/spaces/1ypKddWRgXVKW,
2022-11-03,https://x.com/i/spaces/1lDGLnbraOmxm,
2022-11-10,https://x.com/i/spaces/1BdxYyLkdlExX,
2022-11-17,https://x.com/i/spaces/1YpJkgalkkMJj,
2022-12-01,https://x.com/i/spaces/1YpKkgDPvwBKj,
2022-12-08,https://x.com/i/spaces/1yoKMZmAnalGQ,
2022-12-15,https://x.com/i/spaces/1LyxBqkDAMLJN,
2022-12-22,https://x.com/i/spaces/1nAKErnEpRvGL,
2023-03-02,https://x.com/i/spaces/1ZkKzXyBNjDJv,
2023-03-09,https://x.com/i/spaces/1vAGRAbrjXNKl,
2023-03-23,https://x.com/i/spaces/1PlJQpQWLQdGE,
2023-06-01,https://x.com/i/spaces/1YpKkgQygvAKj,
2023-06-08,https://x.com/i/spaces/1lPKqBVkpOQGb,
2023-06-22,https://x.com/i/spaces/1vAxRArropvJl,
2023-06-29,https://x.com/i/spaces/1OdKrzBEkvnKX,
2023-08-31,https://x.com/i/spaces/1yNxaNLZNrvKj,36
2023-09-07,https://x.com/i/spaces/1yoKMZPDbnDGQ,
2023-09-14,https://x.com/i/spaces/1lPJqBvOjXwxb,
2023-09-21,https://x.com/i/spaces/1YqKDgPjyQYxV,
2023-09-28,https://x.com/i/spaces/1mnxepyAPdPJX,
2023-11-02,https://x.com/i/spaces/1YpKkwRnOkjKj,
2023-11-16,https://x.com/i/spaces/1mrGmyXYEYMGy,
2023-11-23,https://x.com/i/spaces/1jMJgmzMMneKL,
2023-12-07,https://x.com/i/spaces/1lPKqbPAzyeGb,
2023-12-21,https://x.com/i/spaces/1BRJjPaEeMVKw,
2024-01-04,https://x.com/i/spaces/1yoJMwOkjgNKQ,
2024-01-11,https://x.com/i/spaces/1ynJOymbBmWKR,
2024-01-18,https://x.com/i/spaces/1ypKdkjQLmnxW,
2024-01-25,https://x.com/i/spaces/1yNGaZwRpnDJj,51
2024-04-04,https://x.com/i/spaces/1MnxnMmLBowJO,
2024-04-11,https://x.com/i/spaces/1vAxRvMbreRxl,
2024-05-23,https://x.com/i/spaces/1nAKEaAjQMXKL,
2024-05-30,https://x.com/i/spaces/1YpJkwzoPlEJj,
2024-06-13,https://x.com/i/spaces/1kvJpvmRaPdKE,
2024-06-20,https://x.com/i/spaces/1LyGBnnqEEEGN,
2024-06-27,https://x.com/i/spaces/1BdGYrqlwBQJX,
2024-07-04,https://x.com/i/spaces/1yoKMwPgAOnJQ,
2024-07-11,https://x.com/i/spaces/1YpKklyoZDmGj,
2024-07-18,https://x.com/i/spaces/1BRJjwpAmvexw,
2024-07-25,https://x.com/i/spaces/1lPJqONyWBwKb,
2024-08-15,https://x.com/i/spaces/1dRKZdoZERMJB,
2024-08-29,https://x.com/i/spaces/1kvJpbwyONgKE,
2024-09-05,https://x.com/i/spaces/1vOxwrDbMqRJB,
2024-09-12,https://x.com/i/spaces/1jMJgBlVmDyGL,
2024-09-26,https://x.com/i/spaces/1OwxWNvydqAJQ,
2024-10-03,https://x.com/i/spaces/1OdKrXYwORpJX,
2024-10-10,https://x.com/i/spaces/1BRJjwAApbNxw,
2024-10-17,https://x.com/i/spaces/1BdGYEgMEMyGX,
2024-10-24,https://x.com/i/spaces/1MnGnDLQyPwxO,
2024-10-31,https://x.com/i/spaces/1MYGNMAoEPXKw,
2024-11-21,https://x.com/i/spaces/1PlJQbrelAyxE,
2024-11-28,https://x.com/i/spaces/1MnGnDNmgOBxO,
2024-12-12,https://x.com/i/spaces/1MnxnDEpNnXGO,
2024-12-19,https://x.com/i/spaces/1lPJqOLrjjdKb,
2024-12-26,https://x.com/i/spaces/1PlJQbPnnyqxE,
2025-01-23,https://x.com/i/spaces/1rmxPoogVPXJN,
2025-01-30,https://x.com/i/spaces/1YpKklBBRwrGj,
2025-02-13,https://x.com/i/spaces/1lDxLzdNjeLGm,
2025-02-20,https://x.com/i/spaces/1yNxaLopezDJj,
2025-02-27,https://x.com/i/spaces/1vAGRDoDEBzxl,
2025-03-06,https://x.com/i/spaces/1YpJkBbPwBjGj,
2025-03-13,https://x.com/i/spaces/1OdKrDdYdlXJX,
2025-03-20,https://x.com/i/spaces/1DXxyqnOZmyxM,
2025-03-27,https://x.com/i/spaces/1MnGnwOdqrOJO,
2025-04-10,https://x.com/i/spaces/1RDxlzwpewgGL,
2025-04-18,https://x.com/i/spaces/1kvKpypEyNDGE,
2025-04-24,https://x.com/i/spaces/1OyJALvQXaoGb,
2025-05-22,https://x.com/i/spaces/1BRKjmyPQPoxw,
2025-05-29,https://x.com/i/spaces/1dRKZYeBQMdxB,
2025-06-05,https://x.com/i/spaces/1OwxWXWvMqjKQ,
2025-06-12,https://x.com/i/spaces/1yoJMojaZQnKQ,
2025-06-26,https://x.com/i/spaces/1rmxPyAbDyjKN,
2025-07-24,https://x.com/i/spaces/1lDGLzPaLMvxm,
2025-08-14,https://x.com/i/spaces/1dRJZajXkNAGB,
2025-08-21,https://x.com/i/spaces/1vOGwdbaZvqJB,
2025-09-04,https://x.com/i/spaces/1djGXWjyYlLKZ,
2025-09-18,https://x.com/i/spaces/1mnxeNDaXoaKX,
2025-10-23,https://x.com/i/spaces/1DXxyWLnVLNGM,
2025-10-30,https://x.com/i/spaces/1YpKkkAneodKj,
2025-11-06,https://x.com/i/spaces/1OdKrOeWjrpGX,
2025-11-13,https://x.com/i/spaces/1DXxyWyggBeGM,
2025-11-27,https://x.com/i/spaces/1BdGYZMAWRgJX,
2026-02-19,https://x.com/i/spaces/1RKjpzzamzZJw,
2026-03-05,https://x.com/i/spaces/1wGWjalVVjRKQ,
2026-03-12,https://x.com/i/spaces/1pKkOyrdaeNKj,
2026-03-19,https://x.com/i/spaces/1PJqrEgmglWxb,
2026-03-26,https://x.com/i/spaces/1DGLdvEOVZzGm,
2026-04-02,https://x.com/i/spaces/1aKbdbyAZmQJX,
2026-04-09,https://x.com/i/spaces/1aKbdbwMzYkJX,
2026-04-16,https://x.com/i/spaces/1oKMvRLpRqRGQ,
2026-04-23,https://x.com/i/spaces/1DxleELDkZEKL,
2026-05-14,https://x.com/i/spaces/1pKkOyzzvRwKj,
2026-05-28,https://x.com/i/spaces/1rGmqqVQLBWGy,
2026-06-18,https://x.com/i/spaces/1PKqrryXqRQGb,
2026-06-25,https://x.com/i/spaces/1mGPaaNpZeQJN,
2026-07-23,https://x.com/i/spaces/1mxPaagNkrXKN,
2026-08-06,https://x.com/i/spaces/1RJZzzaznMgJB,144
